GeneSymbol,Mutation Type,Mutation Type
AAK1,missense_variant,missense_variant
AARS2,missense_variant,missense_variant
ABCA3,missense_variant,missense_variant
ABCB5,missense_variant,missense_variant
ABCC5,missense_variant,missense_variant
ABCC8,missense_variant,missense_variant
ABO,missense_variant,missense_variant
ABO,missense_variant,missense_variant
ABTB1,missense_variant,missense_variant
ACAT1,missense_variant,missense_variant
ACCS,missense_variant,missense_variant
ACE,missense_variant,missense_variant
ACTA2,missense_variant&splice_region_variant,missense_variant&splice_region_variant
ACTBL2,missense_variant,missense_variant
ACTL7B,missense_variant,missense_variant
ACTN2,missense_variant,missense_variant
ACTN3,missense_variant,missense_variant
ACTN3,missense_variant,missense_variant
ACTN3,missense_variant,missense_variant
ACTN4,missense_variant,missense_variant
ACTN4,missense_variant,missense_variant
ACTR3,missense_variant,missense_variant
ADAD2,missense_variant,missense_variant
ADAMTS13,missense_variant,missense_variant
ADAMTS13,missense_variant,missense_variant
ADGRE2,missense_variant,missense_variant
ADGRG1,missense_variant,missense_variant
ADRB2,missense_variant,missense_variant
AGO1,missense_variant&splice_region_variant,missense_variant&splice_region_variant
AGO3,missense_variant,missense_variant
AHNAK2,missense_variant,missense_variant
AHNAK2,missense_variant,missense_variant
AK8,missense_variant,missense_variant
AKAP1,missense_variant,missense_variant
AKAP1,missense_variant,missense_variant
AKT1S1,missense_variant,missense_variant
ALDH5A1,missense_variant,missense_variant
ALDH8A1,missense_variant,missense_variant
ALPK3,missense_variant,missense_variant
ALPK3,missense_variant,missense_variant
ALPK3,missense_variant,missense_variant
ANGPT4,missense_variant,missense_variant
ANK3,missense_variant,missense_variant
ANKHD1,missense_variant,missense_variant
ANO4,missense_variant,missense_variant
ANO4,missense_variant,missense_variant
ANO9,missense_variant,missense_variant
APEH,missense_variant,missense_variant
ARAP3,missense_variant,missense_variant
ARHGAP21,missense_variant,missense_variant
ARHGAP22,missense_variant,missense_variant
ARHGAP42,missense_variant,missense_variant
ARHGEF7,missense_variant,missense_variant
ARID5B,missense_variant,missense_variant
ARL5B,missense_variant&splice_region_variant,missense_variant&splice_region_variant
ASB12,missense_variant,missense_variant
ATG4D,missense_variant,missense_variant
ATP8B3,missense_variant,missense_variant
AXIN1,missense_variant,missense_variant
BAG1,missense_variant,missense_variant
BAG1,missense_variant,missense_variant
BAZ1B,missense_variant,missense_variant
BAZ1B,missense_variant,missense_variant
BCL2L2,missense_variant,missense_variant
BEND7,missense_variant,missense_variant
BEND7,missense_variant,missense_variant
BHLHE22,missense_variant,missense_variant
BRCA1,missense_variant,missense_variant
BRSK2,missense_variant,missense_variant
BRSK2,missense_variant,missense_variant
BUB1B,missense_variant,missense_variant
BUB1B,missense_variant,missense_variant
C17orf99,missense_variant,missense_variant
C3,missense_variant&splice_region_variant,missense_variant&splice_region_variant
CACNA1B,missense_variant,missense_variant
CACNA1C,missense_variant,missense_variant
CACNA1C,missense_variant,missense_variant
CACNA1C,missense_variant,missense_variant
CACNA1C,missense_variant,missense_variant
CACNA1C,missense_variant,missense_variant
CACNA1C,missense_variant,missense_variant
CACNA1C,missense_variant,missense_variant
CACNA1C,missense_variant,missense_variant
CACNA1D,missense_variant,missense_variant
CACNA1D,missense_variant,missense_variant
CACNA1D,missense_variant,missense_variant
CACNA1F,missense_variant,missense_variant
CACNA1F,missense_variant,missense_variant
CACNA1F,missense_variant,missense_variant
CACNA1F,missense_variant,missense_variant
CACNA1F,missense_variant,missense_variant
CACNA1F,missense_variant,missense_variant
CACNA1G,missense_variant,missense_variant
CACNA1S,missense_variant,missense_variant
CACNA1S,missense_variant,missense_variant
CACNA1S,missense_variant,missense_variant
CACNA1S,missense_variant&splice_region_variant,missense_variant&splice_region_variant
CACNB2,missense_variant,missense_variant
CALY,missense_variant,missense_variant
CAND2,missense_variant,missense_variant
CASQ2,missense_variant,missense_variant
CBFA2T2,missense_variant,missense_variant
CBFA2T3,missense_variant,missense_variant
CCDC6,missense_variant,missense_variant
CCDC80,missense_variant,missense_variant
CCDC88C,missense_variant,missense_variant
CCDC89,missense_variant,missense_variant
CCNB3,missense_variant,missense_variant
CCNY,missense_variant,missense_variant
CD320,missense_variant,missense_variant
CD44,missense_variant,missense_variant
CDC42BPB,missense_variant,missense_variant
CDH11,missense_variant,missense_variant
CDX2,missense_variant,missense_variant
CDYL,missense_variant,missense_variant
CELA1,missense_variant,missense_variant
CELA2A,missense_variant,missense_variant
CEP41,missense_variant,missense_variant
CFAP157,missense_variant,missense_variant
CHD8,missense_variant,missense_variant
CHTF18,missense_variant,missense_variant
CITED2,missense_variant,missense_variant
CKAP5,missense_variant,missense_variant
CMTM4,missense_variant,missense_variant
CMYA5,missense_variant,missense_variant
CMYA5,missense_variant,missense_variant
CMYA5,missense_variant,missense_variant
CMYA5,missense_variant,missense_variant
CMYA5,missense_variant,missense_variant
CMYA5,missense_variant,missense_variant
CMYA5,missense_variant,missense_variant
CMYA5,missense_variant,missense_variant
CMYA5,missense_variant,missense_variant
CMYA5,missense_variant,missense_variant
CMYA5,missense_variant,missense_variant
CMYA5,missense_variant,missense_variant
CMYA5,missense_variant,missense_variant
CMYA5,missense_variant,missense_variant
CMYA5,missense_variant,missense_variant
CMYA5,missense_variant,missense_variant
CMYA5,missense_variant,missense_variant
CMYA5,missense_variant,missense_variant
CMYA5,missense_variant,missense_variant
CMYA5,missense_variant,missense_variant
CMYA5,missense_variant,missense_variant
CMYA5,missense_variant,missense_variant
CMYA5,missense_variant,missense_variant
CMYA5,missense_variant,missense_variant
CNPY4,missense_variant,missense_variant
CNTNAP1,missense_variant,missense_variant
COL11A1,missense_variant,missense_variant
COL17A1,missense_variant,missense_variant
COL26A1,missense_variant,missense_variant
COLEC11,missense_variant,missense_variant
CORO6,missense_variant,missense_variant
COX15,missense_variant,missense_variant
CRACD,missense_variant,missense_variant
CRACD,missense_variant,missense_variant
CRIP2,missense_variant,missense_variant
CRLF3,missense_variant,missense_variant
CRYAB,missense_variant,missense_variant
CSMD2,missense_variant,missense_variant
CSNK1D,missense_variant,missense_variant
CSRP3,missense_variant,missense_variant
CTRB2,missense_variant,missense_variant
CTRB2,missense_variant,missense_variant
CTSD,missense_variant,missense_variant
DACH1,missense_variant,missense_variant
DBT,missense_variant,missense_variant
DBX2,missense_variant,missense_variant
DCAF8,missense_variant,missense_variant
DCAF8,missense_variant,missense_variant
DCC,missense_variant,missense_variant
DCHS2,missense_variant,missense_variant
DCHS2,missense_variant,missense_variant
DCLK2,missense_variant,missense_variant
DCLK2,missense_variant,missense_variant
DCLRE1A,missense_variant,missense_variant
DDB2,missense_variant,missense_variant
DDX41,missense_variant,missense_variant
DDX47,missense_variant,missense_variant
DMBX1,missense_variant,missense_variant
DMD,missense_variant,missense_variant
DMD,missense_variant,missense_variant
DMD,missense_variant,missense_variant
DNAH12,missense_variant,missense_variant
DNMT1,missense_variant,missense_variant
DOCK2,missense_variant,missense_variant
DOCK6,missense_variant,missense_variant
DOK6,missense_variant,missense_variant
DOP1B,missense_variant,missense_variant
DRP2,missense_variant,missense_variant
DRP2,missense_variant,missense_variant
DSC3,missense_variant,missense_variant
DSG2,missense_variant,missense_variant
DSP,missense_variant,missense_variant
DSP,missense_variant,missense_variant
E4F1,missense_variant,missense_variant
EBI3,missense_variant,missense_variant
EFNA1,missense_variant,missense_variant
EFS,missense_variant,missense_variant
EHMT1,missense_variant,missense_variant
EIF4G3,missense_variant&splice_region_variant,missense_variant&splice_region_variant
EIF4G3,missense_variant,missense_variant
ELFN2,missense_variant,missense_variant
ELFN2,missense_variant,missense_variant
ENTPD3,missense_variant,missense_variant
ENTPD3,missense_variant,missense_variant
EP400,missense_variant,missense_variant
EPB42,missense_variant,missense_variant
EPG5,missense_variant,missense_variant
EPHB4,missense_variant,missense_variant
EPPK1,missense_variant,missense_variant
EPX,missense_variant,missense_variant
ERCC3,missense_variant,missense_variant
ERGIC3,missense_variant,missense_variant
EVC,missense_variant,missense_variant
FAAP100,missense_variant,missense_variant
FAM131B,missense_variant,missense_variant
FAM13A,missense_variant,missense_variant
FAM13A,missense_variant,missense_variant
FAM83A,missense_variant,missense_variant
FBLN7,missense_variant,missense_variant
FBRS,missense_variant,missense_variant
FBXL7,missense_variant,missense_variant
FEM1B,missense_variant,missense_variant
FKBP10,missense_variant,missense_variant
FKTN,missense_variant,missense_variant
FLG,missense_variant,missense_variant
FLII,missense_variant,missense_variant
FLII,missense_variant,missense_variant
FLNA,missense_variant,missense_variant
FLNA,missense_variant,missense_variant
FLNA,missense_variant,missense_variant
FLNB,missense_variant,missense_variant
FMNL1,missense_variant,missense_variant
FNDC1,missense_variant,missense_variant
FOXK1,missense_variant,missense_variant
FPGT,missense_variant,missense_variant
FRMD1,missense_variant,missense_variant
FRY,missense_variant,missense_variant
GAB4,missense_variant,missense_variant
GAD2,missense_variant,missense_variant
GALNT15,missense_variant,missense_variant
GALNT8,missense_variant,missense_variant
GALNT8,missense_variant,missense_variant
GAREM2,missense_variant,missense_variant
GAS2L2,missense_variant,missense_variant
GGN,missense_variant,missense_variant
GIGYF2,missense_variant,missense_variant
GJA3,missense_variant,missense_variant
GJA4,missense_variant,missense_variant
GLI2,missense_variant,missense_variant
GPR137B,missense_variant,missense_variant
GPX4,missense_variant,missense_variant
GSX2,missense_variant,missense_variant
GTF3C1,missense_variant,missense_variant
GTSE1,missense_variant,missense_variant
HAND1,missense_variant,missense_variant
HASPIN,missense_variant,missense_variant
HCLS1,missense_variant,missense_variant
HCLS1,missense_variant,missense_variant
HCLS1,missense_variant,missense_variant
HCN1,missense_variant,missense_variant
HCN1,missense_variant,missense_variant
HCN1,missense_variant,missense_variant
HCN2,missense_variant,missense_variant
HCN4,missense_variant,missense_variant
HECW2,missense_variant,missense_variant
HEXD,missense_variant,missense_variant
HIP1,missense_variant,missense_variant
HMCN2,missense_variant,missense_variant
HNRNPU,missense_variant,missense_variant
HOXA13,missense_variant,missense_variant
HOXB7,missense_variant,missense_variant
HSPG2,missense_variant,missense_variant
HTR1D,missense_variant,missense_variant
HTR1D,missense_variant,missense_variant
HYOU1,missense_variant,missense_variant
HYOU1,missense_variant,missense_variant
IFI16,missense_variant,missense_variant
IFI16,missense_variant,missense_variant
IGSF10,missense_variant,missense_variant
IL23A,missense_variant,missense_variant
IL23A,missense_variant,missense_variant
IL4I1,missense_variant,missense_variant
IQSEC1,missense_variant,missense_variant
ITPRIPL1,missense_variant,missense_variant
JPH1,missense_variant,missense_variant
JPH2,missense_variant,missense_variant
JUP,missense_variant&splice_region_variant,missense_variant&splice_region_variant
KCNA2,missense_variant,missense_variant
KCNA2,missense_variant,missense_variant
KCNA3,missense_variant,missense_variant
KCNA7,missense_variant,missense_variant
KCNA7,missense_variant,missense_variant
KCNA7,missense_variant,missense_variant
KCNA7,missense_variant,missense_variant
KCNA7,missense_variant,missense_variant
KCNC3,missense_variant,missense_variant
KCND1,missense_variant,missense_variant
KCND1,missense_variant,missense_variant
KCND1,missense_variant,missense_variant
KCND1,missense_variant,missense_variant
KCNE4,missense_variant,missense_variant
KCNG3,missense_variant,missense_variant
KCNH6,missense_variant,missense_variant
KCNJ11,missense_variant,missense_variant
KCNJ11,missense_variant,missense_variant
KCNJ3,missense_variant,missense_variant
KCNJ3,missense_variant,missense_variant
KCNJ5,missense_variant,missense_variant
KCNJ9,missense_variant,missense_variant
KCNJ9,missense_variant,missense_variant
KDM4F,missense_variant,missense_variant
KHSRP,missense_variant,missense_variant
KHSRP,missense_variant,missense_variant
KIAA1671,missense_variant,missense_variant
KIFC2,missense_variant,missense_variant
KIRREL3,missense_variant,missense_variant
KLHL38,missense_variant,missense_variant
KRT5,missense_variant,missense_variant
KRT7,missense_variant,missense_variant
KRT75,missense_variant,missense_variant
KRT75,missense_variant,missense_variant
KRT77,missense_variant,missense_variant
KRT78,missense_variant,missense_variant
KRT8,missense_variant,missense_variant
KRT80,missense_variant,missense_variant
KRT84,missense_variant,missense_variant
KRT85,missense_variant,missense_variant
KRT85,missense_variant,missense_variant
LAMA1,missense_variant,missense_variant
LAMA4,missense_variant,missense_variant
LAMA4,missense_variant,missense_variant
LAMA4,missense_variant,missense_variant
LAMA5,missense_variant,missense_variant
LGALS9,missense_variant,missense_variant
LIMS2,missense_variant,missense_variant
LIPF,missense_variant,missense_variant
LLGL1,missense_variant,missense_variant
LMAN1L,missense_variant,missense_variant
LMNB1,missense_variant,missense_variant
LMNB2,missense_variant,missense_variant
LMNB2,missense_variant,missense_variant
LMOD3,missense_variant,missense_variant
LRBA,missense_variant,missense_variant
LRCOL1,missense_variant,missense_variant
LRFN4,missense_variant,missense_variant
LRRC66,missense_variant,missense_variant
MAB21L4,missense_variant,missense_variant
MAGEH1,missense_variant,missense_variant
MAGI2,missense_variant,missense_variant
MAK16,missense_variant,missense_variant
MAN2A2,missense_variant,missense_variant
MAOB,missense_variant,missense_variant
MAP1A,missense_variant,missense_variant
MAP3K11,missense_variant,missense_variant
MAP7D1,missense_variant,missense_variant
MAPK8IP1,missense_variant,missense_variant
MAPRE1,missense_variant,missense_variant
MASP2,missense_variant,missense_variant
MCMDC2,missense_variant,missense_variant
MCOLN1,missense_variant,missense_variant
MEX3B,missense_variant,missense_variant
MIER2,missense_variant,missense_variant
MOV10L1,missense_variant,missense_variant
MRFAP1,missense_variant,missense_variant
MUC12,missense_variant,missense_variant
MUC12,missense_variant,missense_variant
MUC12,frameshift_variant,frameshift_variant
MUC12,frameshift_variant,frameshift_variant
MUC16,missense_variant,missense_variant
MUC16,missense_variant,missense_variant
MUC16,missense_variant,missense_variant
MUC16,missense_variant,missense_variant
MUC16,missense_variant,missense_variant
MUC16,missense_variant,missense_variant
MYBBP1A,missense_variant,missense_variant
MYBPC3,missense_variant,missense_variant
MYH1,missense_variant,missense_variant
MYH1,missense_variant,missense_variant
MYH1,missense_variant,missense_variant
MYH10,missense_variant,missense_variant
MYH13,missense_variant,missense_variant
MYH13,missense_variant,missense_variant
MYH14,missense_variant,missense_variant
MYH14,missense_variant,missense_variant
MYH2,missense_variant,missense_variant
MYH2,missense_variant,missense_variant
MYH2,missense_variant,missense_variant
MYH2,missense_variant,missense_variant
MYH3,missense_variant,missense_variant
MYH3,missense_variant,missense_variant
MYH3,missense_variant,missense_variant
MYH3,missense_variant,missense_variant
MYH3,missense_variant,missense_variant
MYH7B,missense_variant,missense_variant
MYH7B,missense_variant,missense_variant
MYH7B,missense_variant,missense_variant
MYH7B,missense_variant,missense_variant
MYH8,missense_variant,missense_variant
MYH8,missense_variant&splice_region_variant,missense_variant&splice_region_variant
MYH8,missense_variant,missense_variant
MYH9,missense_variant,missense_variant
MYL6,missense_variant,missense_variant
MYO15B,missense_variant,missense_variant
MYO15B,frameshift_variant,frameshift_variant
MYO15B,missense_variant,missense_variant
MYO15B,missense_variant,missense_variant
MYO18A,missense_variant,missense_variant
MYO18A,missense_variant,missense_variant
MYO1F,missense_variant,missense_variant
MYO1H,missense_variant,missense_variant
MYO5B,missense_variant,missense_variant
MYOCD,missense_variant,missense_variant
MYOM1,missense_variant&splice_region_variant,missense_variant&splice_region_variant
MYOM1,missense_variant,missense_variant
MYOM1,missense_variant,missense_variant
MYPN,missense_variant,missense_variant
MYPN,missense_variant,missense_variant
MYPN,missense_variant,missense_variant
MYPN,missense_variant,missense_variant
MYPN,missense_variant,missense_variant
NACAD,missense_variant,missense_variant
NANOS3,missense_variant,missense_variant
NANOS3,missense_variant,missense_variant
NBEA,missense_variant,missense_variant
NCKIPSD,missense_variant,missense_variant
NCKIPSD,missense_variant,missense_variant
NCOR1,missense_variant,missense_variant
NDUFAF1,missense_variant,missense_variant
NEB,missense_variant,missense_variant
NETO2,missense_variant,missense_variant
NETO2,missense_variant,missense_variant
NGRN,missense_variant&splice_region_variant,missense_variant&splice_region_variant
NLRP5,missense_variant,missense_variant
NMNAT2,missense_variant,missense_variant
NMNAT2,missense_variant,missense_variant
NONO,missense_variant,missense_variant
NRXN2,missense_variant,missense_variant
NRXN2,missense_variant,missense_variant
NT5DC4,missense_variant,missense_variant
NTN1,missense_variant,missense_variant
NUP214,missense_variant,missense_variant
NUP214,missense_variant,missense_variant
NUS1,missense_variant,missense_variant
OBSCN,missense_variant,missense_variant
OBSCN,missense_variant,missense_variant
OR10R2,missense_variant,missense_variant
OR10R2,missense_variant,missense_variant
OR2A5,missense_variant,missense_variant
OR2A5,missense_variant,missense_variant
OR2A5,missense_variant,missense_variant
OR2A5,missense_variant,missense_variant
OR2A5,missense_variant,missense_variant
OR2A5,missense_variant,missense_variant
OR2D3,missense_variant,missense_variant
OR4E1,missense_variant,missense_variant
OR6J1,missense_variant,missense_variant
OR8D4,missense_variant,missense_variant
OTOF,missense_variant,missense_variant
P2RY6,missense_variant,missense_variant
P4HA2,missense_variant,missense_variant
PARP14,missense_variant,missense_variant
PASK,missense_variant,missense_variant
PAX6,missense_variant,missense_variant
PAXIP1,missense_variant,missense_variant
PCDHA12,missense_variant,missense_variant
PCDHA12,missense_variant,missense_variant
PCDHA13,missense_variant,missense_variant
PCDHA13,missense_variant,missense_variant
PCDHA13,missense_variant,missense_variant
PCDHA13,missense_variant,missense_variant
PCDHA7,missense_variant,missense_variant
PCDHA7,missense_variant,missense_variant
PCDHGA11,missense_variant,missense_variant
PCDHGA3,missense_variant,missense_variant
PCDHGA5,missense_variant,missense_variant
PCDHGB5,missense_variant,missense_variant
PCK1,missense_variant,missense_variant
PCOLCE2,missense_variant,missense_variant
PCSK6,missense_variant,missense_variant
PDE10A,missense_variant,missense_variant
PDE10A,missense_variant,missense_variant
PDE3B,missense_variant,missense_variant
PDZRN3,missense_variant,missense_variant
PEG10,missense_variant,missense_variant
PEG10,missense_variant,missense_variant
PGPEP1,missense_variant,missense_variant
PGR,missense_variant&splice_region_variant,missense_variant&splice_region_variant
PHYHIPL,missense_variant,missense_variant
PIGZ,missense_variant,missense_variant
PIK3AP1,missense_variant,missense_variant
PIK3R5,missense_variant,missense_variant
PKDCC,missense_variant,missense_variant
PKP2,missense_variant,missense_variant
PLA2G4D,missense_variant&splice_region_variant,missense_variant&splice_region_variant
PLCB2,missense_variant&splice_region_variant,missense_variant&splice_region_variant
PLCE1,missense_variant&splice_region_variant,missense_variant&splice_region_variant
PLEC,missense_variant,missense_variant
PLEKHD1,missense_variant,missense_variant
PLEKHH1,missense_variant,missense_variant
PLEKHH1,missense_variant,missense_variant
PLXNA4,missense_variant,missense_variant
PLXNB1,missense_variant,missense_variant
POGLUT3,missense_variant,missense_variant
POLR3A,missense_variant,missense_variant
POMT2,missense_variant,missense_variant
POU6F2,missense_variant,missense_variant
POU6F2,missense_variant,missense_variant
POU6F2,missense_variant,missense_variant
PPME1,missense_variant,missense_variant
PPP1R15A,missense_variant,missense_variant
PPRC1,missense_variant,missense_variant
PPRC1,missense_variant,missense_variant
PRICKLE3,missense_variant,missense_variant
PRKAR1B,missense_variant,missense_variant
PRKCD,missense_variant,missense_variant
PRRC2C,missense_variant,missense_variant
PRRT4,missense_variant,missense_variant
PTCH1,missense_variant,missense_variant
PTPRH,missense_variant,missense_variant
PTPRH,missense_variant,missense_variant
PWWP2B,missense_variant,missense_variant
PYROXD2,missense_variant,missense_variant
PYROXD2,missense_variant,missense_variant
R3HDM1,missense_variant,missense_variant
RAB3IP,missense_variant,missense_variant
RAB3IP,missense_variant,missense_variant
RAD21,missense_variant,missense_variant
RADIL,missense_variant,missense_variant
RANBP17,missense_variant,missense_variant
RANBP17,missense_variant,missense_variant
RANGAP1,missense_variant,missense_variant
RAP1GAP,missense_variant,missense_variant
RBM20,missense_variant,missense_variant
RBM43,missense_variant,missense_variant
RET,missense_variant,missense_variant
RFC1,missense_variant,missense_variant
RFC3,missense_variant,missense_variant
RHOD,missense_variant,missense_variant
RMDN3,missense_variant,missense_variant
RMDN3,missense_variant,missense_variant
RNF149,missense_variant,missense_variant
RNF31,missense_variant,missense_variant
RNF31,missense_variant,missense_variant
RP1L1,missense_variant,missense_variant
RP1L1,missense_variant,missense_variant
RP1L1,missense_variant,missense_variant
RP1L1,missense_variant,missense_variant
RPRD1A,missense_variant,missense_variant
RPRD1A,missense_variant,missense_variant
RSPH14,missense_variant,missense_variant
RTL1,missense_variant,missense_variant
RTL1,missense_variant,missense_variant
RTL1,missense_variant,missense_variant
RTTN,missense_variant,missense_variant
RYR1,missense_variant,missense_variant
RYR3,missense_variant,missense_variant
RYR3,missense_variant,missense_variant
RYR3,missense_variant,missense_variant
RYR3,missense_variant,missense_variant
RYR3,missense_variant,missense_variant
RYR3,missense_variant,missense_variant
RYR3,missense_variant,missense_variant
RYR3,missense_variant,missense_variant
RYR3,missense_variant,missense_variant
SAG,missense_variant,missense_variant
SAG,missense_variant,missense_variant
SAMD14,missense_variant,missense_variant
SARDH,missense_variant&splice_region_variant,missense_variant&splice_region_variant
SBF1,missense_variant,missense_variant
SBK3,missense_variant,missense_variant
SBK3,missense_variant&splice_region_variant,missense_variant&splice_region_variant
SCAF4,missense_variant,missense_variant
SCN10A,missense_variant,missense_variant
SCN10A,missense_variant,missense_variant
SCN10A,missense_variant,missense_variant
SCN10A,missense_variant,missense_variant
SCN11A,missense_variant,missense_variant
SCN2A,missense_variant,missense_variant
SCN2A,missense_variant,missense_variant
SCN3A,missense_variant,missense_variant
SCN3A,missense_variant&splice_region_variant,missense_variant&splice_region_variant
SCN4A,missense_variant,missense_variant
SCN4A,missense_variant,missense_variant
SCN4A,missense_variant,missense_variant
SCN7A,missense_variant,missense_variant
SCN7A,missense_variant,missense_variant
SCN8A,missense_variant,missense_variant
SCN9A,missense_variant,missense_variant
SCN9A,missense_variant,missense_variant
SCN9A,missense_variant,missense_variant
SCN9A,missense_variant,missense_variant
SCO2,missense_variant,missense_variant
SCYGR7,missense_variant,missense_variant
SDK2,missense_variant,missense_variant
SELENBP1,missense_variant,missense_variant
SELENOW,missense_variant,missense_variant
SEMA4C,missense_variant,missense_variant
SETD1B,missense_variant,missense_variant
SEZ6L2,missense_variant,missense_variant
SFSWAP,missense_variant,missense_variant
SFTPD,missense_variant,missense_variant
SFTPD,missense_variant&splice_region_variant,missense_variant&splice_region_variant
SH3D21,missense_variant,missense_variant
SIRT6,missense_variant,missense_variant
SIRT6,missense_variant,missense_variant
SLC13A5,missense_variant,missense_variant
SLC13A5,missense_variant,missense_variant
SLC22A24,missense_variant,missense_variant
SLC25A5,missense_variant,missense_variant
SLC2A9,missense_variant,missense_variant
SLC35B2,missense_variant,missense_variant
SLC49A4,missense_variant,missense_variant
SLC49A4,missense_variant,missense_variant
SLC6A9,missense_variant,missense_variant
SMARCC1,missense_variant,missense_variant
SNAI1,missense_variant,missense_variant
SNAPC2,missense_variant,missense_variant
SNTA1,missense_variant,missense_variant
SNTA1,missense_variant,missense_variant
SNX29,missense_variant,missense_variant
SNX4,missense_variant,missense_variant
SP9,missense_variant,missense_variant
SPATC1,missense_variant,missense_variant
SPEM3,missense_variant,missense_variant
SPEM3,missense_variant,missense_variant
SPRY1,missense_variant,missense_variant
SPTBN5,missense_variant,missense_variant
SPTBN5,missense_variant,missense_variant
SPTBN5,missense_variant,missense_variant
SPTBN5,missense_variant,missense_variant
SSC5D,missense_variant,missense_variant
STEAP2,missense_variant,missense_variant
STK25,missense_variant,missense_variant
STK31,missense_variant,missense_variant
SUPV3L1,missense_variant,missense_variant
SVIL,missense_variant,missense_variant
SVIL,missense_variant,missense_variant
TAF1L,missense_variant,missense_variant
TAF1L,missense_variant,missense_variant
TATDN2,missense_variant,missense_variant
TCERG1L,missense_variant,missense_variant
TENM4,missense_variant,missense_variant
TEP1,missense_variant,missense_variant
TEP1,missense_variant,missense_variant
TEP1,missense_variant,missense_variant
TEP1,missense_variant,missense_variant
TET3,missense_variant,missense_variant
TEX10,missense_variant,missense_variant
TH,missense_variant,missense_variant
THBS1,missense_variant,missense_variant
TLN1,missense_variant,missense_variant
TLN1,missense_variant,missense_variant
TMBIM1,missense_variant,missense_variant
TMBIM1,missense_variant,missense_variant
TMCC1,missense_variant,missense_variant
TMCC1,missense_variant,missense_variant
TMEM25,missense_variant,missense_variant
TMEM43,missense_variant,missense_variant
TMEM43,missense_variant,missense_variant
TMEM70,missense_variant,missense_variant
TMEM70,missense_variant,missense_variant
TMEM70,missense_variant,missense_variant
TMEM94,missense_variant,missense_variant
TMTC2,missense_variant,missense_variant
TMX1,missense_variant,missense_variant
TNFRSF11B,missense_variant,missense_variant
TNNI1,missense_variant,missense_variant
TNS2,missense_variant&splice_region_variant,missense_variant&splice_region_variant
TOB1,missense_variant,missense_variant
TOB1,missense_variant,missense_variant
TPM2,missense_variant,missense_variant
TPM2,missense_variant,missense_variant
TPM3,missense_variant,missense_variant
TRAF3,missense_variant,missense_variant
TRDN,missense_variant,missense_variant
TRDN,missense_variant,missense_variant
TRDN,missense_variant,missense_variant
TRIM42,missense_variant,missense_variant
TRIM62,missense_variant,missense_variant
TRIOBP,missense_variant,missense_variant
TRIP13,missense_variant,missense_variant
TRIP13,missense_variant&splice_region_variant,missense_variant&splice_region_variant
TSPOAP1,missense_variant,missense_variant
TTBK2,missense_variant,missense_variant
TTBK2,missense_variant,missense_variant
TTN,missense_variant,missense_variant
TTN,missense_variant&splice_region_variant,missense_variant&splice_region_variant
TTN,missense_variant,missense_variant
TTN,missense_variant,missense_variant
TTN,missense_variant,missense_variant
TTN,missense_variant,missense_variant
TTN,missense_variant,missense_variant
TTN,missense_variant,missense_variant
TTN,missense_variant,missense_variant
TTN,missense_variant,missense_variant
TTN,missense_variant,missense_variant
TTN,missense_variant,missense_variant
TTN,missense_variant,missense_variant
TTN,missense_variant,missense_variant
TTN,missense_variant,missense_variant
TTN,missense_variant,missense_variant
TTN,missense_variant,missense_variant
TTN,missense_variant,missense_variant
TTN,missense_variant,missense_variant
TTN,missense_variant,missense_variant
TTN,missense_variant,missense_variant
TTN,missense_variant,missense_variant
TTN,missense_variant,missense_variant
TTN,missense_variant,missense_variant
TTN,missense_variant,missense_variant
TTN,missense_variant&splice_region_variant,missense_variant&splice_region_variant
TTN,missense_variant,missense_variant
TTN,missense_variant,missense_variant
TTN,missense_variant,missense_variant
TTN,missense_variant,missense_variant
TTN,missense_variant,missense_variant
TTN,missense_variant,missense_variant
UMODL1,missense_variant,missense_variant
UNC45A,missense_variant,missense_variant
UNC80,missense_variant,missense_variant
UTP25,missense_variant,missense_variant
VANGL1,missense_variant,missense_variant
VIM,missense_variant,missense_variant
WDFY4,missense_variant,missense_variant
WDFY4,missense_variant,missense_variant
WDR20,missense_variant,missense_variant
WDR24,missense_variant,missense_variant
WWC2,missense_variant,missense_variant
XIRP1,missense_variant,missense_variant
XPR1,missense_variant,missense_variant
XYLT1,missense_variant,missense_variant
XYLT1,missense_variant,missense_variant
XYLT2,missense_variant,missense_variant
YJU2,missense_variant,missense_variant
ZBTB7B,missense_variant,missense_variant
ZDHHC13,missense_variant&splice_region_variant,missense_variant&splice_region_variant
ZFP82,missense_variant,missense_variant
ZMYM2,missense_variant,missense_variant
ZNF385D,missense_variant,missense_variant
ZNF394,missense_variant,missense_variant
ZNF395,missense_variant,missense_variant
ZNF408,missense_variant,missense_variant
ZNF568,missense_variant,missense_variant
ZNF606,missense_variant,missense_variant
ZNF608,missense_variant,missense_variant
ZSCAN22,missense_variant,missense_variant
ZYG11A,missense_variant,missense_variant
